{"pipeline_id": "spipe_866f7d87", "checkpoint_id": "3ad7d98f", "timestamp": "2026-05-30T07:01:10.309714+00:00", "watermark": 1780124459.5120163, "window_states": [{"window_key": "key_1|1780124465-1780124470", "window_start": 1780124465.0, "window_end": 1780124470.0, "event_count": 45, "aggregations": {"count": 45}, "last_event_time": 1780124469.5120163, "is_closed": false}, {"window_key": "key_0|1780124465-1780124470", "window_start": 1780124465.0, "window_end": 1780124470.0, "event_count": 32, "aggregations": {"count": 32}, "last_event_time": 1780124469.4234207, "is_closed": false}, {"window_key": "key_0|1780124460-1780124465", "window_start": 1780124460.0, "window_end": 1780124465.0, "event_count": 1, "aggregations": {"count": 1}, "last_event_time": 1780124461.992537, "is_closed": false}, {"window_key": "key_1|1780124460-1780124465", "window_start": 1780124460.0, "window_end": 1780124465.0, "event_count": 1, "aggregations": {"count": 1}, "last_event_time": 1780124463.269744, "is_closed": false}], "source_offsets": {"event_count": 100, "start_time": 1780124468.2901018}, "metrics_snapshot": {"pipeline_id": "spipe_866f7d87", "status": "stopped", "events_in": 80, "events_out": 0, "events_late": 1, "events_dropped": 0, "events_per_second": 48.0, "watermark_position": 0.0, "active_windows": 0, "closed_windows": 0, "last_checkpoint_at": null, "uptime_seconds": 0.0, "backpressure": null, "errors": []}}