{"pipeline_id": "spipe_722e09fd", "checkpoint_id": "a098d26f", "timestamp": "2026-05-29T07:00:00.762336+00:00", "watermark": 1780037990.3185654, "window_states": [{"window_key": "key_0|1780038000-1780038005", "window_start": 1780038000.0, "window_end": 1780038005.0, "event_count": 8, "aggregations": {"count": 8}, "last_event_time": 1780038000.3185654, "is_closed": false}, {"window_key": "key_1|1780038000-1780038005", "window_start": 1780038000.0, "window_end": 1780038005.0, "event_count": 6, "aggregations": {"count": 6}, "last_event_time": 1780038000.3028536, "is_closed": false}, {"window_key": "key_1|1780037995-1780038000", "window_start": 1780037995.0, "window_end": 1780038000.0, "event_count": 3, "aggregations": {"count": 3}, "last_event_time": 1780037999.9415655, "is_closed": false}, {"window_key": "key_0|1780037995-1780038000", "window_start": 1780037995.0, "window_end": 1780038000.0, "event_count": 2, "aggregations": {"count": 2}, "last_event_time": 1780037999.8697748, "is_closed": false}], "source_offsets": {"event_count": 40, "start_time": 1780038000.3447442}, "metrics_snapshot": {"pipeline_id": "spipe_722e09fd", "status": "stopped", "events_in": 20, "events_out": 0, "events_late": 1, "events_dropped": 0, "events_per_second": 48.2, "watermark_position": 0.0, "active_windows": 0, "closed_windows": 0, "last_checkpoint_at": null, "uptime_seconds": 0.0, "backpressure": null, "errors": []}}