{"pipeline_id": "spipe_928ab05f", "checkpoint_id": "9fa8cd34", "timestamp": "2026-05-29T06:22:04.907345+00:00", "watermark": 1780035714.1229382, "window_states": [{"window_key": "key_0|1780035720-1780035725", "window_start": 1780035720.0, "window_end": 1780035725.0, "event_count": 31, "aggregations": {"count": 31}, "last_event_time": 1780035724.0743327, "is_closed": false}, {"window_key": "key_1|1780035720-1780035725", "window_start": 1780035720.0, "window_end": 1780035725.0, "event_count": 44, "aggregations": {"count": 44}, "last_event_time": 1780035724.1229382, "is_closed": false}, {"window_key": "key_0|1780035710-1780035715", "window_start": 1780035710.0, "window_end": 1780035715.0, "event_count": 1, "aggregations": {"count": 1}, "last_event_time": 1780035714.8750372, "is_closed": false}, {"window_key": "key_1|1780035715-1780035720", "window_start": 1780035715.0, "window_end": 1780035720.0, "event_count": 1, "aggregations": {"count": 1}, "last_event_time": 1780035715.2731392, "is_closed": false}], "source_offsets": {"event_count": 100, "start_time": 1780035722.9090216}, "metrics_snapshot": {"pipeline_id": "spipe_928ab05f", "status": "stopped", "events_in": 80, "events_out": 0, "events_late": 3, "events_dropped": 0, "events_per_second": 48.6, "watermark_position": 0.0, "active_windows": 0, "closed_windows": 0, "last_checkpoint_at": null, "uptime_seconds": 0.0, "backpressure": null, "errors": []}}