{"pipeline_id": "spipe_08d61064", "checkpoint_id": "5b43e01e", "timestamp": "2026-06-11T00:34:24.286202+00:00", "watermark": 1781138053.4733465, "window_states": [{"window_key": "key_0|1781138060-1781138065", "window_start": 1781138060.0, "window_end": 1781138065.0, "event_count": 38, "aggregations": {"count": 38}, "last_event_time": 1781138063.4733465, "is_closed": false}, {"window_key": "key_1|1781138060-1781138065", "window_start": 1781138060.0, "window_end": 1781138065.0, "event_count": 39, "aggregations": {"count": 39}, "last_event_time": 1781138063.378562, "is_closed": false}, {"window_key": "key_1|1781138055-1781138060", "window_start": 1781138055.0, "window_end": 1781138060.0, "event_count": 1, "aggregations": {"count": 1}, "last_event_time": 1781138055.2662787, "is_closed": false}], "source_offsets": {"event_count": 100, "start_time": 1781138062.2757647}, "metrics_snapshot": {"pipeline_id": "spipe_08d61064", "status": "stopped", "events_in": 80, "events_out": 0, "events_late": 2, "events_dropped": 0, "events_per_second": 48.9, "watermark_position": 0.0, "active_windows": 0, "closed_windows": 0, "last_checkpoint_at": null, "uptime_seconds": 0.0, "backpressure": null, "errors": []}}