{"pipeline_id": "spipe_c3cdccfa", "checkpoint_id": "ee9a4e41", "timestamp": "2026-05-30T21:00:48.259623+00:00", "watermark": 1780174837.4602394, "window_states": [{"window_key": "key_1|1780174845-1780174850", "window_start": 1780174845.0, "window_end": 1780174850.0, "event_count": 34, "aggregations": {"count": 34}, "last_event_time": 1780174847.1673985, "is_closed": false}, {"window_key": "key_0|1780174845-1780174850", "window_start": 1780174845.0, "window_end": 1780174850.0, "event_count": 40, "aggregations": {"count": 40}, "last_event_time": 1780174847.4602394, "is_closed": false}, {"window_key": "key_0|1780174835-1780174840", "window_start": 1780174835.0, "window_end": 1780174840.0, "event_count": 1, "aggregations": {"count": 1}, "last_event_time": 1780174839.507283, "is_closed": false}, {"window_key": "key_0|1780174840-1780174845", "window_start": 1780174840.0, "window_end": 1780174845.0, "event_count": 1, "aggregations": {"count": 1}, "last_event_time": 1780174841.4652302, "is_closed": false}], "source_offsets": {"event_count": 100, "start_time": 1780174846.2543206}, "metrics_snapshot": {"pipeline_id": "spipe_c3cdccfa", "status": "stopped", "events_in": 80, "events_out": 0, "events_late": 4, "events_dropped": 0, "events_per_second": 48.9, "watermark_position": 0.0, "active_windows": 0, "closed_windows": 0, "last_checkpoint_at": null, "uptime_seconds": 0.0, "backpressure": null, "errors": []}}