{"pipeline_id": "spipe_94bef130", "checkpoint_id": "41ceb409", "timestamp": "2026-05-30T20:55:25.633260+00:00", "watermark": 1780174515.2240818, "window_states": [{"window_key": "key_0|1780174520-1780174525", "window_start": 1780174520.0, "window_end": 1780174525.0, "event_count": 6, "aggregations": {"count": 6}, "last_event_time": 1780174524.9615173, "is_closed": false}, {"window_key": "key_1|1780174525-1780174530", "window_start": 1780174525.0, "window_end": 1780174530.0, "event_count": 5, "aggregations": {"count": 5}, "last_event_time": 1780174525.2151785, "is_closed": false}, {"window_key": "key_0|1780174525-1780174530", "window_start": 1780174525.0, "window_end": 1780174530.0, "event_count": 3, "aggregations": {"count": 3}, "last_event_time": 1780174525.2240818, "is_closed": false}, {"window_key": "key_1|1780174520-1780174525", "window_start": 1780174520.0, "window_end": 1780174525.0, "event_count": 6, "aggregations": {"count": 6}, "last_event_time": 1780174524.950074, "is_closed": false}], "source_offsets": {"event_count": 40, "start_time": 1780174525.2231433}, "metrics_snapshot": {"pipeline_id": "spipe_94bef130", "status": "stopped", "events_in": 20, "events_out": 0, "events_late": 0, "events_dropped": 0, "events_per_second": 48.8, "watermark_position": 0.0, "active_windows": 0, "closed_windows": 0, "last_checkpoint_at": null, "uptime_seconds": 0.0, "backpressure": null, "errors": []}}