{"pipeline_id": "spipe_cb1a71e1", "checkpoint_id": "5263b04c", "timestamp": "2026-06-04T01:20:41.733146+00:00", "watermark": 1780536031.3343666, "window_states": [{"window_key": "key_1|1780536035-1780536040", "window_start": 1780536035.0, "window_end": 1780536040.0, "event_count": 21, "aggregations": {"count": 21}, "last_event_time": 1780536039.9661176, "is_closed": false}, {"window_key": "key_0|1780536035-1780536040", "window_start": 1780536035.0, "window_end": 1780536040.0, "event_count": 15, "aggregations": {"count": 15}, "last_event_time": 1780536039.9860628, "is_closed": false}, {"window_key": "key_1|1780536040-1780536045", "window_start": 1780536040.0, "window_end": 1780536045.0, "event_count": 30, "aggregations": {"count": 30}, "last_event_time": 1780536041.3343666, "is_closed": false}, {"window_key": "key_0|1780536040-1780536045", "window_start": 1780536040.0, "window_end": 1780536045.0, "event_count": 30, "aggregations": {"count": 30}, "last_event_time": 1780536041.298006, "is_closed": false}], "source_offsets": {"event_count": 120, "start_time": 1780536039.7324996}, "metrics_snapshot": {"pipeline_id": "spipe_cb1a71e1", "status": "stopped", "events_in": 100, "events_out": 0, "events_late": 4, "events_dropped": 0, "events_per_second": 50.2, "watermark_position": 0.0, "active_windows": 0, "closed_windows": 0, "last_checkpoint_at": null, "uptime_seconds": 0.0, "backpressure": null, "errors": []}}