{"pipeline_id": "spipe_7644c80b", "checkpoint_id": "8ef633ac", "timestamp": "2026-06-01T19:01:20.952039+00:00", "watermark": 1780340470.4495134, "window_states": [{"window_key": "key_1|1780340475-1780340480", "window_start": 1780340475.0, "window_end": 1780340480.0, "event_count": 38, "aggregations": {"count": 38}, "last_event_time": 1780340479.9680994, "is_closed": false}, {"window_key": "key_0|1780340475-1780340480", "window_start": 1780340475.0, "window_end": 1780340480.0, "event_count": 35, "aggregations": {"count": 35}, "last_event_time": 1780340479.977312, "is_closed": false}, {"window_key": "key_1|1780340480-1780340485", "window_start": 1780340480.0, "window_end": 1780340485.0, "event_count": 10, "aggregations": {"count": 10}, "last_event_time": 1780340480.414327, "is_closed": false}, {"window_key": "key_0|1780340480-1780340485", "window_start": 1780340480.0, "window_end": 1780340485.0, "event_count": 13, "aggregations": {"count": 13}, "last_event_time": 1780340480.4495134, "is_closed": false}], "source_offsets": {"event_count": 120, "start_time": 1780340478.9389381}, "metrics_snapshot": {"pipeline_id": "spipe_7644c80b", "status": "stopped", "events_in": 100, "events_out": 1, "events_late": 3, "events_dropped": 0, "events_per_second": 49.8, "watermark_position": 0.0, "active_windows": 0, "closed_windows": 0, "last_checkpoint_at": null, "uptime_seconds": 0.0, "backpressure": null, "errors": []}}