{"pipeline_id": "spipe_7644c80b", "checkpoint_id": "ee654982", "timestamp": "2026-06-01T19:01:19.349636+00:00", "watermark": 1780340468.9370832, "window_states": [{"window_key": "key_0|1780340465-1780340470", "window_start": 1780340465.0, "window_end": 1780340470.0, "event_count": 1, "aggregations": {"count": 1}, "last_event_time": 1780340465.9209921, "is_closed": false}, {"window_key": "key_1|1780340475-1780340480", "window_start": 1780340475.0, "window_end": 1780340480.0, "event_count": 11, "aggregations": {"count": 11}, "last_event_time": 1780340478.8541546, "is_closed": false}, {"window_key": "key_0|1780340475-1780340480", "window_start": 1780340475.0, "window_end": 1780340480.0, "event_count": 8, "aggregations": {"count": 8}, "last_event_time": 1780340478.9370832, "is_closed": false}], "source_offsets": {"event_count": 40, "start_time": 1780340478.9389381}, "metrics_snapshot": {"pipeline_id": "spipe_7644c80b", "status": "stopped", "events_in": 20, "events_out": 0, "events_late": 0, "events_dropped": 0, "events_per_second": 49.0, "watermark_position": 0.0, "active_windows": 0, "closed_windows": 0, "last_checkpoint_at": null, "uptime_seconds": 0.0, "backpressure": null, "errors": []}}