{"pipeline_id": "spipe_1d0505be", "checkpoint_id": "0b2e102c", "timestamp": "2026-06-11T13:24:35.828469+00:00", "watermark": 1781184265.3482037, "window_states": [{"window_key": "key_1|1781184275-1781184280", "window_start": 1781184275.0, "window_end": 1781184280.0, "event_count": 9, "aggregations": {"count": 9}, "last_event_time": 1781184275.2940085, "is_closed": false}, {"window_key": "key_0|1781184275-1781184280", "window_start": 1781184275.0, "window_end": 1781184280.0, "event_count": 7, "aggregations": {"count": 7}, "last_event_time": 1781184275.3482037, "is_closed": false}, {"window_key": "key_1|1781184270-1781184275", "window_start": 1781184270.0, "window_end": 1781184275.0, "event_count": 2, "aggregations": {"count": 2}, "last_event_time": 1781184274.9619868, "is_closed": false}, {"window_key": "key_0|1781184270-1781184275", "window_start": 1781184270.0, "window_end": 1781184275.0, "event_count": 1, "aggregations": {"count": 1}, "last_event_time": 1781184274.968324, "is_closed": false}], "source_offsets": {"event_count": 40, "start_time": 1781184275.4128845}, "metrics_snapshot": {"pipeline_id": "spipe_1d0505be", "status": "stopped", "events_in": 20, "events_out": 0, "events_late": 1, "events_dropped": 0, "events_per_second": 48.1, "watermark_position": 0.0, "active_windows": 0, "closed_windows": 0, "last_checkpoint_at": null, "uptime_seconds": 0.0, "backpressure": null, "errors": []}}