{"pipeline_id": "spipe_9cba94da", "checkpoint_id": "343286a4", "timestamp": "2026-05-29T06:31:54.120055+00:00", "watermark": 1780036303.6645308, "window_states": [{"window_key": "key_0|1780036310-1780036315", "window_start": 1780036310.0, "window_end": 1780036315.0, "event_count": 49, "aggregations": {"count": 49}, "last_event_time": 1780036313.6645308, "is_closed": false}, {"window_key": "key_1|1780036310-1780036315", "window_start": 1780036310.0, "window_end": 1780036315.0, "event_count": 39, "aggregations": {"count": 39}, "last_event_time": 1780036313.6391845, "is_closed": false}, {"window_key": "key_0|1780036305-1780036310", "window_start": 1780036305.0, "window_end": 1780036310.0, "event_count": 2, "aggregations": {"count": 2}, "last_event_time": 1780036306.4418976, "is_closed": false}, {"window_key": "key_1|1780036305-1780036310", "window_start": 1780036305.0, "window_end": 1780036310.0, "event_count": 1, "aggregations": {"count": 1}, "last_event_time": 1780036308.368796, "is_closed": false}], "source_offsets": {"event_count": 120, "start_time": 1780036312.1090837}, "metrics_snapshot": {"pipeline_id": "spipe_9cba94da", "status": "stopped", "events_in": 100, "events_out": 0, "events_late": 9, "events_dropped": 0, "events_per_second": 49.8, "watermark_position": 0.0, "active_windows": 0, "closed_windows": 0, "last_checkpoint_at": null, "uptime_seconds": 0.0, "backpressure": null, "errors": []}}