{"pipeline_id": "spipe_2bc0b6bc", "checkpoint_id": "80e462f8", "timestamp": "2026-06-04T00:59:01.459130+00:00", "watermark": 1780534731.06706, "window_states": [{"window_key": "key_0|1780534735-1780534740", "window_start": 1780534735.0, "window_end": 1780534740.0, "event_count": 18, "aggregations": {"count": 18}, "last_event_time": 1780534739.8596005, "is_closed": false}, {"window_key": "key_1|1780534735-1780534740", "window_start": 1780534735.0, "window_end": 1780534740.0, "event_count": 29, "aggregations": {"count": 29}, "last_event_time": 1780534739.9902964, "is_closed": false}, {"window_key": "key_1|1780534740-1780534745", "window_start": 1780534740.0, "window_end": 1780534745.0, "event_count": 26, "aggregations": {"count": 26}, "last_event_time": 1780534740.9994428, "is_closed": false}, {"window_key": "key_0|1780534740-1780534745", "window_start": 1780534740.0, "window_end": 1780534745.0, "event_count": 23, "aggregations": {"count": 23}, "last_event_time": 1780534741.06706, "is_closed": false}], "source_offsets": {"event_count": 120, "start_time": 1780534739.4474134}, "metrics_snapshot": {"pipeline_id": "spipe_2bc0b6bc", "status": "stopped", "events_in": 100, "events_out": 0, "events_late": 4, "events_dropped": 0, "events_per_second": 50.0, "watermark_position": 0.0, "active_windows": 0, "closed_windows": 0, "last_checkpoint_at": null, "uptime_seconds": 0.0, "backpressure": null, "errors": []}}