{"pipeline_id": "spipe_3cce68b9", "checkpoint_id": "9cf787e9", "timestamp": "2026-05-31T02:21:56.311904+00:00", "watermark": 1780194105.4556212, "window_states": [{"window_key": "key_1|1780194110-1780194115", "window_start": 1780194110.0, "window_end": 1780194115.0, "event_count": 27, "aggregations": {"count": 27}, "last_event_time": 1780194114.9931417, "is_closed": false}, {"window_key": "key_0|1780194110-1780194115", "window_start": 1780194110.0, "window_end": 1780194115.0, "event_count": 25, "aggregations": {"count": 25}, "last_event_time": 1780194114.9810953, "is_closed": false}, {"window_key": "key_1|1780194115-1780194120", "window_start": 1780194115.0, "window_end": 1780194120.0, "event_count": 10, "aggregations": {"count": 10}, "last_event_time": 1780194115.3631759, "is_closed": false}, {"window_key": "key_0|1780194115-1780194120", "window_start": 1780194115.0, "window_end": 1780194120.0, "event_count": 13, "aggregations": {"count": 13}, "last_event_time": 1780194115.4556212, "is_closed": false}], "source_offsets": {"event_count": 100, "start_time": 1780194114.3005648}, "metrics_snapshot": {"pipeline_id": "spipe_3cce68b9", "status": "stopped", "events_in": 80, "events_out": 1, "events_late": 4, "events_dropped": 0, "events_per_second": 48.8, "watermark_position": 0.0, "active_windows": 0, "closed_windows": 0, "last_checkpoint_at": null, "uptime_seconds": 0.0, "backpressure": null, "errors": []}}