{"pipeline_id": "spipe_4444d19e", "checkpoint_id": "032a413e", "timestamp": "2026-06-11T13:24:40.977138+00:00", "watermark": 1781184270.1570837, "window_states": [{"window_key": "key_1|1781184275-1781184280", "window_start": 1781184275.0, "window_end": 1781184280.0, "event_count": 38, "aggregations": {"count": 38}, "last_event_time": 1781184279.9971108, "is_closed": false}, {"window_key": "key_0|1781184275-1781184280", "window_start": 1781184275.0, "window_end": 1781184280.0, "event_count": 31, "aggregations": {"count": 31}, "last_event_time": 1781184279.981015, "is_closed": false}, {"window_key": "key_1|1781184280-1781184285", "window_start": 1781184280.0, "window_end": 1781184285.0, "event_count": 6, "aggregations": {"count": 6}, "last_event_time": 1781184280.1570837, "is_closed": false}, {"window_key": "key_0|1781184280-1781184285", "window_start": 1781184280.0, "window_end": 1781184285.0, "event_count": 2, "aggregations": {"count": 2}, "last_event_time": 1781184280.051653, "is_closed": false}], "source_offsets": {"event_count": 100, "start_time": 1781184278.9642477}, "metrics_snapshot": {"pipeline_id": "spipe_4444d19e", "status": "stopped", "events_in": 80, "events_out": 0, "events_late": 3, "events_dropped": 0, "events_per_second": 48.6, "watermark_position": 0.0, "active_windows": 0, "closed_windows": 0, "last_checkpoint_at": null, "uptime_seconds": 0.0, "backpressure": null, "errors": []}}