{"pipeline_id": "spipe_6b7ea86e", "checkpoint_id": "1db35327", "timestamp": "2026-06-01T19:01:15.749526+00:00", "watermark": 1780340465.3333762, "window_states": [{"window_key": "key_1|1780340475-1780340480", "window_start": 1780340475.0, "window_end": 1780340480.0, "event_count": 10, "aggregations": {"count": 10}, "last_event_time": 1780340475.3333762, "is_closed": false}, {"window_key": "key_0|1780340475-1780340480", "window_start": 1780340475.0, "window_end": 1780340480.0, "event_count": 4, "aggregations": {"count": 4}, "last_event_time": 1780340475.3239412, "is_closed": false}, {"window_key": "key_1|1780340470-1780340475", "window_start": 1780340470.0, "window_end": 1780340475.0, "event_count": 3, "aggregations": {"count": 3}, "last_event_time": 1780340474.927862, "is_closed": false}, {"window_key": "key_0|1780340470-1780340475", "window_start": 1780340470.0, "window_end": 1780340475.0, "event_count": 2, "aggregations": {"count": 2}, "last_event_time": 1780340474.9770403, "is_closed": false}], "source_offsets": {"event_count": 40, "start_time": 1780340475.3433542}, "metrics_snapshot": {"pipeline_id": "spipe_6b7ea86e", "status": "stopped", "events_in": 20, "events_out": 0, "events_late": 1, "events_dropped": 0, "events_per_second": 49.5, "watermark_position": 0.0, "active_windows": 0, "closed_windows": 0, "last_checkpoint_at": null, "uptime_seconds": 0.0, "backpressure": null, "errors": []}}