{"pipeline_id": "spipe_8c26e58a", "checkpoint_id": "b16047eb", "timestamp": "2026-05-30T03:26:30.826539+00:00", "watermark": 1780111580.3348322, "window_states": [{"window_key": "key_1|1780111590-1780111595", "window_start": 1780111590.0, "window_end": 1780111595.0, "event_count": 7, "aggregations": {"count": 7}, "last_event_time": 1780111590.3348322, "is_closed": false}, {"window_key": "key_1|1780111585-1780111590", "window_start": 1780111585.0, "window_end": 1780111590.0, "event_count": 3, "aggregations": {"count": 3}, "last_event_time": 1780111589.9755166, "is_closed": false}, {"window_key": "key_0|1780111590-1780111595", "window_start": 1780111590.0, "window_end": 1780111595.0, "event_count": 8, "aggregations": {"count": 8}, "last_event_time": 1780111590.2827208, "is_closed": false}, {"window_key": "key_0|1780111585-1780111590", "window_start": 1780111585.0, "window_end": 1780111590.0, "event_count": 1, "aggregations": {"count": 1}, "last_event_time": 1780111589.9463296, "is_closed": false}], "source_offsets": {"event_count": 40, "start_time": 1780111590.4157376}, "metrics_snapshot": {"pipeline_id": "spipe_8c26e58a", "status": "stopped", "events_in": 20, "events_out": 0, "events_late": 1, "events_dropped": 0, "events_per_second": 48.9, "watermark_position": 0.0, "active_windows": 0, "closed_windows": 0, "last_checkpoint_at": null, "uptime_seconds": 0.0, "backpressure": null, "errors": []}}