{"pipeline_id": "spipe_9192f9d7", "checkpoint_id": "6e6d45d5", "timestamp": "2026-05-29T07:07:30.748209+00:00", "watermark": 1780038440.3354561, "window_states": [{"window_key": "key_1|1780038445-1780038450", "window_start": 1780038445.0, "window_end": 1780038450.0, "event_count": 4, "aggregations": {"count": 4}, "last_event_time": 1780038449.9971747, "is_closed": false}, {"window_key": "key_1|1780038450-1780038455", "window_start": 1780038450.0, "window_end": 1780038455.0, "event_count": 7, "aggregations": {"count": 7}, "last_event_time": 1780038450.3354561, "is_closed": false}, {"window_key": "key_0|1780038450-1780038455", "window_start": 1780038450.0, "window_end": 1780038455.0, "event_count": 7, "aggregations": {"count": 7}, "last_event_time": 1780038450.322465, "is_closed": false}, {"window_key": "key_0|1780038445-1780038450", "window_start": 1780038445.0, "window_end": 1780038450.0, "event_count": 2, "aggregations": {"count": 2}, "last_event_time": 1780038449.9954324, "is_closed": false}], "source_offsets": {"event_count": 40, "start_time": 1780038450.3333066}, "metrics_snapshot": {"pipeline_id": "spipe_9192f9d7", "status": "stopped", "events_in": 20, "events_out": 0, "events_late": 0, "events_dropped": 0, "events_per_second": 48.7, "watermark_position": 0.0, "active_windows": 0, "closed_windows": 0, "last_checkpoint_at": null, "uptime_seconds": 0.0, "backpressure": null, "errors": []}}