{"pipeline_id": "spipe_12c328a3", "checkpoint_id": "ddb98131", "timestamp": "2026-06-01T04:39:35.579202+00:00", "watermark": 1780288764.7518764, "window_states": [{"window_key": "key_1|1780288770-1780288775", "window_start": 1780288770.0, "window_end": 1780288775.0, "event_count": 37, "aggregations": {"count": 37}, "last_event_time": 1780288774.7518764, "is_closed": false}, {"window_key": "key_0|1780288770-1780288775", "window_start": 1780288770.0, "window_end": 1780288775.0, "event_count": 39, "aggregations": {"count": 39}, "last_event_time": 1780288774.7098327, "is_closed": false}, {"window_key": "key_1|1780288765-1780288770", "window_start": 1780288765.0, "window_end": 1780288770.0, "event_count": 2, "aggregations": {"count": 2}, "last_event_time": 1780288767.9994285, "is_closed": false}], "source_offsets": {"event_count": 100, "start_time": 1780288773.5675578}, "metrics_snapshot": {"pipeline_id": "spipe_12c328a3", "status": "stopped", "events_in": 80, "events_out": 0, "events_late": 2, "events_dropped": 0, "events_per_second": 48.8, "watermark_position": 0.0, "active_windows": 0, "closed_windows": 0, "last_checkpoint_at": null, "uptime_seconds": 0.0, "backpressure": null, "errors": []}}