{"pipeline_id": "spipe_497531c8", "checkpoint_id": "98547e1d", "timestamp": "2026-05-29T16:15:02.131789+00:00", "watermark": 1780071291.3257015, "window_states": [{"window_key": "key_0|1780071295-1780071300", "window_start": 1780071295.0, "window_end": 1780071300.0, "event_count": 9, "aggregations": {"count": 9}, "last_event_time": 1780071299.9815397, "is_closed": false}, {"window_key": "key_1|1780071295-1780071300", "window_start": 1780071295.0, "window_end": 1780071300.0, "event_count": 4, "aggregations": {"count": 4}, "last_event_time": 1780071299.9798539, "is_closed": false}, {"window_key": "key_1|1780071300-1780071305", "window_start": 1780071300.0, "window_end": 1780071305.0, "event_count": 26, "aggregations": {"count": 26}, "last_event_time": 1780071301.3257015, "is_closed": false}, {"window_key": "key_0|1780071300-1780071305", "window_start": 1780071300.0, "window_end": 1780071305.0, "event_count": 40, "aggregations": {"count": 40}, "last_event_time": 1780071301.2689984, "is_closed": false}], "source_offsets": {"event_count": 100, "start_time": 1780071300.1289856}, "metrics_snapshot": {"pipeline_id": "spipe_497531c8", "status": "stopped", "events_in": 80, "events_out": 0, "events_late": 1, "events_dropped": 0, "events_per_second": 49.4, "watermark_position": 0.0, "active_windows": 0, "closed_windows": 0, "last_checkpoint_at": null, "uptime_seconds": 0.0, "backpressure": null, "errors": []}}