{"pipeline_id": "spipe_497531c8", "checkpoint_id": "4162b7f4", "timestamp": "2026-05-29T16:15:00.540891+00:00", "watermark": 1780071290.1152356, "window_states": [{"window_key": "key_0|1780071295-1780071300", "window_start": 1780071295.0, "window_end": 1780071300.0, "event_count": 9, "aggregations": {"count": 9}, "last_event_time": 1780071299.9815397, "is_closed": false}, {"window_key": "key_1|1780071295-1780071300", "window_start": 1780071295.0, "window_end": 1780071300.0, "event_count": 4, "aggregations": {"count": 4}, "last_event_time": 1780071299.9798539, "is_closed": false}, {"window_key": "key_1|1780071300-1780071305", "window_start": 1780071300.0, "window_end": 1780071305.0, "event_count": 3, "aggregations": {"count": 3}, "last_event_time": 1780071300.1152356, "is_closed": false}, {"window_key": "key_0|1780071300-1780071305", "window_start": 1780071300.0, "window_end": 1780071305.0, "event_count": 4, "aggregations": {"count": 4}, "last_event_time": 1780071300.114041, "is_closed": false}], "source_offsets": {"event_count": 40, "start_time": 1780071300.1289856}, "metrics_snapshot": {"pipeline_id": "spipe_497531c8", "status": "stopped", "events_in": 20, "events_out": 0, "events_late": 0, "events_dropped": 0, "events_per_second": 49.0, "watermark_position": 0.0, "active_windows": 0, "closed_windows": 0, "last_checkpoint_at": null, "uptime_seconds": 0.0, "backpressure": null, "errors": []}}