{"pipeline_id": "spipe_6a59c658", "checkpoint_id": "25999952", "timestamp": "2026-06-11T00:34:19.115433+00:00", "watermark": 1781138048.6365676, "window_states": [{"window_key": "key_1|1781138055-1781138060", "window_start": 1781138055.0, "window_end": 1781138060.0, "event_count": 13, "aggregations": {"count": 13}, "last_event_time": 1781138058.6365676, "is_closed": false}, {"window_key": "key_0|1781138055-1781138060", "window_start": 1781138055.0, "window_end": 1781138060.0, "event_count": 5, "aggregations": {"count": 5}, "last_event_time": 1781138058.62005, "is_closed": false}, {"window_key": "key_0|1781138050-1781138055", "window_start": 1781138050.0, "window_end": 1781138055.0, "event_count": 1, "aggregations": {"count": 1}, "last_event_time": 1781138051.9984534, "is_closed": false}], "source_offsets": {"event_count": 40, "start_time": 1781138058.7000012}, "metrics_snapshot": {"pipeline_id": "spipe_6a59c658", "status": "stopped", "events_in": 20, "events_out": 0, "events_late": 1, "events_dropped": 0, "events_per_second": 48.1, "watermark_position": 0.0, "active_windows": 0, "closed_windows": 0, "last_checkpoint_at": null, "uptime_seconds": 0.0, "backpressure": null, "errors": []}}