{"pipeline_id": "spipe_d35d08c4", "checkpoint_id": "3bf62991", "timestamp": "2026-06-11T13:34:32.864865+00:00", "watermark": 1781184862.4656658, "window_states": [{"window_key": "key_0|1781184870-1781184875", "window_start": 1781184870.0, "window_end": 1781184875.0, "event_count": 49, "aggregations": {"count": 49}, "last_event_time": 1781184872.4656658, "is_closed": false}, {"window_key": "key_1|1781184870-1781184875", "window_start": 1781184870.0, "window_end": 1781184875.0, "event_count": 48, "aggregations": {"count": 48}, "last_event_time": 1781184872.3590465, "is_closed": false}, {"window_key": "key_1|1781184865-1781184870", "window_start": 1781184865.0, "window_end": 1781184870.0, "event_count": 1, "aggregations": {"count": 1}, "last_event_time": 1781184865.2643473, "is_closed": false}], "source_offsets": {"event_count": 120, "start_time": 1781184870.8608294}, "metrics_snapshot": {"pipeline_id": "spipe_d35d08c4", "status": "stopped", "events_in": 100, "events_out": 0, "events_late": 2, "events_dropped": 0, "events_per_second": 50.0, "watermark_position": 0.0, "active_windows": 0, "closed_windows": 0, "last_checkpoint_at": null, "uptime_seconds": 0.0, "backpressure": null, "errors": []}}