{"pipeline_id": "spipe_4e2a06e5", "checkpoint_id": "09bef60c", "timestamp": "2026-05-29T07:00:07.007634+00:00", "watermark": 1780037996.1036265, "window_states": [{"window_key": "key_1|1780038000-1780038005", "window_start": 1780038000.0, "window_end": 1780038005.0, "event_count": 13, "aggregations": {"count": 13}, "last_event_time": 1780038004.994887, "is_closed": false}, {"window_key": "key_0|1780038000-1780038005", "window_start": 1780038000.0, "window_end": 1780038005.0, "event_count": 10, "aggregations": {"count": 10}, "last_event_time": 1780038004.9109104, "is_closed": false}, {"window_key": "key_0|1780038005-1780038010", "window_start": 1780038005.0, "window_end": 1780038010.0, "event_count": 24, "aggregations": {"count": 24}, "last_event_time": 1780038006.1036265, "is_closed": false}, {"window_key": "key_1|1780038005-1780038010", "window_start": 1780038005.0, "window_end": 1780038010.0, "event_count": 29, "aggregations": {"count": 29}, "last_event_time": 1780038006.1009023, "is_closed": false}], "source_offsets": {"event_count": 100, "start_time": 1780038004.9956758}, "metrics_snapshot": {"pipeline_id": "spipe_4e2a06e5", "status": "stopped", "events_in": 80, "events_out": 0, "events_late": 4, "events_dropped": 0, "events_per_second": 49.2, "watermark_position": 0.0, "active_windows": 0, "closed_windows": 0, "last_checkpoint_at": null, "uptime_seconds": 0.0, "backpressure": null, "errors": []}}