{"pipeline_id": "spipe_1147b9a2", "checkpoint_id": "4699b6d6", "timestamp": "2026-05-30T06:41:40.686164+00:00", "watermark": 1780123290.264434, "window_states": [{"window_key": "key_0|1780123300-1780123305", "window_start": 1780123300.0, "window_end": 1780123305.0, "event_count": 8, "aggregations": {"count": 8}, "last_event_time": 1780123300.264434, "is_closed": false}, {"window_key": "key_1|1780123300-1780123305", "window_start": 1780123300.0, "window_end": 1780123305.0, "event_count": 3, "aggregations": {"count": 3}, "last_event_time": 1780123300.1754236, "is_closed": false}, {"window_key": "key_0|1780123295-1780123300", "window_start": 1780123295.0, "window_end": 1780123300.0, "event_count": 6, "aggregations": {"count": 6}, "last_event_time": 1780123299.989962, "is_closed": false}, {"window_key": "key_1|1780123295-1780123300", "window_start": 1780123295.0, "window_end": 1780123300.0, "event_count": 2, "aggregations": {"count": 2}, "last_event_time": 1780123299.8600106, "is_closed": false}], "source_offsets": {"event_count": 40, "start_time": 1780123300.270292}, "metrics_snapshot": {"pipeline_id": "spipe_1147b9a2", "status": "stopped", "events_in": 20, "events_out": 0, "events_late": 1, "events_dropped": 0, "events_per_second": 48.1, "watermark_position": 0.0, "active_windows": 0, "closed_windows": 0, "last_checkpoint_at": null, "uptime_seconds": 0.0, "backpressure": null, "errors": []}}