{"pipeline_id": "spipe_526efaed", "checkpoint_id": "2ca27911", "timestamp": "2026-05-30T03:26:36.080892+00:00", "watermark": 1780111585.2233963, "window_states": [{"window_key": "key_0|1780111590-1780111595", "window_start": 1780111590.0, "window_end": 1780111595.0, "event_count": 31, "aggregations": {"count": 31}, "last_event_time": 1780111594.7489536, "is_closed": false}, {"window_key": "key_1|1780111590-1780111595", "window_start": 1780111590.0, "window_end": 1780111595.0, "event_count": 31, "aggregations": {"count": 31}, "last_event_time": 1780111594.9236543, "is_closed": false}, {"window_key": "key_1|1780111595-1780111600", "window_start": 1780111595.0, "window_end": 1780111600.0, "event_count": 8, "aggregations": {"count": 8}, "last_event_time": 1780111595.2233963, "is_closed": false}, {"window_key": "key_0|1780111595-1780111600", "window_start": 1780111595.0, "window_end": 1780111600.0, "event_count": 7, "aggregations": {"count": 7}, "last_event_time": 1780111595.2009368, "is_closed": false}], "source_offsets": {"event_count": 100, "start_time": 1780111594.064464}, "metrics_snapshot": {"pipeline_id": "spipe_526efaed", "status": "stopped", "events_in": 80, "events_out": 0, "events_late": 3, "events_dropped": 0, "events_per_second": 49.1, "watermark_position": 0.0, "active_windows": 0, "closed_windows": 0, "last_checkpoint_at": null, "uptime_seconds": 0.0, "backpressure": null, "errors": []}}