{"pipeline_id": "spipe_ff3bab9e", "checkpoint_id": "89cef720", "timestamp": "2026-05-29T07:07:35.429439+00:00", "watermark": 1780038445.0213888, "window_states": [{"window_key": "key_0|1780038450-1780038455", "window_start": 1780038450.0, "window_end": 1780038455.0, "event_count": 6, "aggregations": {"count": 6}, "last_event_time": 1780038454.9378068, "is_closed": false}, {"window_key": "key_1|1780038450-1780038455", "window_start": 1780038450.0, "window_end": 1780038455.0, "event_count": 9, "aggregations": {"count": 9}, "last_event_time": 1780038454.9780114, "is_closed": false}, {"window_key": "key_1|1780038455-1780038460", "window_start": 1780038455.0, "window_end": 1780038460.0, "event_count": 2, "aggregations": {"count": 2}, "last_event_time": 1780038455.0131414, "is_closed": false}, {"window_key": "key_0|1780038455-1780038460", "window_start": 1780038455.0, "window_end": 1780038460.0, "event_count": 1, "aggregations": {"count": 1}, "last_event_time": 1780038455.0213888, "is_closed": false}], "source_offsets": {"event_count": 40, "start_time": 1780038455.0161247}, "metrics_snapshot": {"pipeline_id": "spipe_ff3bab9e", "status": "stopped", "events_in": 20, "events_out": 0, "events_late": 2, "events_dropped": 0, "events_per_second": 49.1, "watermark_position": 0.0, "active_windows": 0, "closed_windows": 0, "last_checkpoint_at": null, "uptime_seconds": 0.0, "backpressure": null, "errors": []}}